,",id,Прибыль"
0,"0,215348,0.98"
1,"1,215349,4.16"
2,"2,215350,3.13"
3,"3,215351,4.87"
4,"4,215352,4.21"
5,"5,215353,3.95"
6,"6,215354,3.62"
7,"7,215355,5.26"
8,"8,215356,4.93"
9,"9,215357,4.66"
10,"10,215358,3.06"
11,"11,215359,5.08"
12,"12,215360,4.55"
13,"13,215361,4.03"
14,"14,215362,3.49"
15,"15,215363,1.83"
16,"16,215364,2.67"
17,"17,215365,3.65"
18,"18,215366,2.95"
19,"19,215367,3.03"
20,"20,215368,6.27"
21,"21,215369,3.86"
22,"22,215370,2.82"
23,"23,215371,1.4"
24,"24,215372,1.63"
25,"25,215373,3.69"
26,"26,215374,4.08"
27,"27,215375,4.18"
28,"28,215376,4.26"
29,"29,215377,4.27"
30,"30,215378,3.03"
31,"31,215379,4.42"
32,"32,215380,3.88"
33,"33,215381,3.62"
34,"34,215382,2.42"
35,"35,215383,4.27"
36,"36,215384,4.78"
37,"37,215385,4.85"
38,"38,215386,4.05"
39,"39,215387,3.48"
40,"40,215388,5.16"
41,"41,215389,4.6"
42,"42,215390,5.7"
43,"43,215391,5.44"
44,"44,215392,4.1"
45,"45,215393,2.93"
46,"46,215394,3.9"
47,"47,215395,3.28"
48,"48,215396,5.09"
49,"49,215397,3.19"
50,"50,215398,4.77"
51,"51,215399,5.01"
52,"52,215400,6.73"
53,"53,215401,7.43"
54,"54,215402,4.28"
55,"55,215403,3.73"
56,"56,215404,3.38"
57,"57,215405,3.47"
58,"58,215406,5.0"
59,"59,215407,2.02"
60,"60,215408,3.68"
61,"61,215409,2.68"
62,"62,215410,4.46"
63,"63,215411,2.41"
64,"64,215412,1.63"
65,"65,215413,5.4"
66,"66,215414,3.4"
67,"67,215415,3.4"
68,"68,215416,4.22"
69,"69,215417,4.5"
70,"70,215418,4.98"
71,"71,215419,4.6"
72,"72,215420,3.96"
73,"73,215421,3.18"
74,"74,215422,4.65"
75,"75,215423,3.92"
76,"76,215424,3.89"
77,"77,215425,5.64"
78,"78,215426,4.66"
79,"79,215427,2.76"
80,"80,215428,4.25"
81,"81,215429,3.71"
82,"82,215430,4.63"
83,"83,215431,4.28"
84,"84,215432,4.18"
85,"85,215433,3.65"
86,"86,215434,2.97"
87,"87,215435,3.24"
88,"88,215436,3.81"
89,"89,215437,4.85"
90,"90,215438,4.04"
91,"91,215439,6.33"
92,"92,215440,4.68"
93,"93,215441,3.6"
94,"94,215442,3.04"
95,"95,215443,4.41"
96,"96,215444,3.98"
97,"97,215445,2.47"
98,"98,215446,4.52"
99,"99,215447,4.01"
100,"100,215448,2.95"
101,"101,215449,5.64"
102,"102,215450,2.93"
103,"103,215451,5.31"
104,"104,215452,4.5"
105,"105,215453,3.48"
106,"106,215454,3.81"
107,"107,215455,2.53"
108,"108,215456,5.83"
109,"109,215457,4.48"
110,"110,215458,2.98"
111,"111,215459,5.16"
112,"112,215460,4.92"
113,"113,215461,4.21"
114,"114,215462,3.13"
115,"115,215463,3.08"
116,"116,215464,4.9"
117,"117,215465,3.94"
118,"118,215466,2.99"
119,"119,215467,4.01"
120,"120,215468,4.62"
121,"121,215469,3.76"
122,"122,215470,3.42"
123,"123,215471,4.17"
124,"124,215472,4.47"
125,"125,215473,4.69"
126,"126,215474,4.59"
127,"127,215475,3.94"
128,"128,215476,2.84"
129,"129,215477,3.66"
130,"130,215478,4.97"
131,"131,215479,2.19"
132,"132,215480,4.04"
133,"133,215481,4.42"
134,"134,215482,3.81"
135,"135,215483,2.74"
136,"136,215484,5.64"
137,"137,215485,5.41"
138,"138,215486,4.12"
139,"139,215487,3.6"
140,"140,215488,3.93"
141,"141,215489,3.68"
142,"142,215490,5.02"
143,"143,215491,3.52"
144,"144,215492,3.89"
145,"145,215493,3.39"
146,"146,215494,6.12"
147,"147,215495,3.47"
148,"148,215496,4.64"
149,"149,215497,4.17"
150,"150,215498,3.14"
151,"151,215499,4.71"
152,"152,215500,4.99"
153,"153,215501,3.74"
154,"154,215502,4.0"
155,"155,215503,5.23"
156,"156,215504,2.08"
157,"157,215505,6.55"
158,"158,215506,4.18"
159,"159,215507,2.36"
160,"160,215508,4.08"
161,"161,215509,3.14"
162,"162,215510,5.01"
163,"163,215511,4.32"
164,"164,215512,4.41"
165,"165,215513,3.15"
166,"166,215514,5.0"
167,"167,215515,2.84"
168,"168,215516,2.77"
169,"169,215517,4.65"
170,"170,215518,3.52"
171,"171,215519,5.56"
172,"172,215520,3.44"
173,"173,215521,3.58"
174,"174,215522,2.92"
175,"175,215523,4.62"
176,"176,215524,4.97"
177,"177,215525,4.55"
178,"178,215526,4.25"
179,"179,215527,4.67"
180,"180,215528,3.33"
181,"181,215529,2.94"
182,"182,215530,1.06"
183,"183,215531,2.45"
184,"184,215532,4.86"
185,"185,215533,5.05"
186,"186,215534,3.2"
187,"187,215535,2.8"
188,"188,215536,4.13"
189,"189,215537,1.81"
190,"190,215538,2.79"
191,"191,215539,3.89"
192,"192,215540,4.68"
193,"193,215541,4.48"
194,"194,215542,4.11"
195,"195,215543,2.55"
196,"196,215544,3.84"
197,"197,215545,3.17"
198,"198,215546,4.51"
199,"199,215547,3.45"
200,"200,215548,3.84"
201,"201,215549,3.27"
202,"202,215550,4.2"
203,"203,215551,4.08"
204,"204,215552,4.33"
205,"205,215553,3.01"
206,"206,215554,4.01"
207,"207,215555,5.79"
208,"208,215556,4.51"
209,"209,215557,5.44"
210,"210,215558,3.12"
211,"211,215559,3.58"
212,"212,215560,3.08"
213,"213,215561,6.59"
214,"214,215562,3.89"
215,"215,215563,6.88"
216,"216,215564,2.7"
217,"217,215565,4.32"
218,"218,215566,2.69"
219,"219,215567,3.84"
220,"220,215568,5.49"
221,"221,215569,2.34"
222,"222,215570,5.25"
223,"223,215571,3.45"
224,"224,215572,3.25"
225,"225,215573,4.74"
226,"226,215574,3.77"
227,"227,215575,3.17"
228,"228,215576,4.33"
229,"229,215577,4.26"
230,"230,215578,3.88"
231,"231,215579,3.92"
232,"232,215580,4.25"
233,"233,215581,4.34"
234,"234,215582,5.06"
235,"235,215583,4.95"
236,"236,215584,4.32"
237,"237,215585,4.59"
238,"238,215586,4.17"
239,"239,215587,3.68"
240,"240,215588,3.1"
241,"241,215589,4.64"
242,"242,215590,4.14"
243,"243,215591,5.31"
244,"244,215592,3.3"
245,"245,215593,3.12"
246,"246,215594,4.27"
247,"247,215595,4.52"
248,"248,215596,4.21"
249,"249,215597,3.62"
250,"250,215598,3.99"
251,"251,215599,2.6"
252,"252,215600,4.65"
253,"253,215601,4.28"
254,"254,215602,4.31"
255,"255,215603,4.5"
256,"256,215604,4.86"
257,"257,215605,2.96"
258,"258,215606,4.19"
259,"259,215607,5.12"
260,"260,215608,5.35"
261,"261,215609,4.29"
262,"262,215610,4.61"
263,"263,215611,2.29"
264,"264,215612,4.43"
265,"265,215613,5.99"
266,"266,215614,3.52"
267,"267,215615,4.17"
268,"268,215616,3.49"
269,"269,215617,3.06"
270,"270,215618,2.77"
271,"271,215619,5.12"
272,"272,215620,5.04"
273,"273,215621,4.66"
274,"274,215622,2.98"
275,"275,215623,3.55"
276,"276,215624,2.59"
277,"277,215625,2.57"
278,"278,215626,4.36"
279,"279,215627,4.92"
280,"280,215628,4.11"
281,"281,215629,3.87"
282,"282,215630,3.77"
283,"283,215631,3.47"
284,"284,215632,3.91"
285,"285,215633,4.0"
286,"286,215634,2.97"
287,"287,215635,3.54"
288,"288,215636,4.64"
289,"289,215637,3.52"
290,"290,215638,4.94"
291,"291,215639,5.74"
292,"292,215640,5.14"
293,"293,215641,4.6"
294,"294,215642,3.48"
295,"295,215643,5.59"
296,"296,215644,2.86"
297,"297,215645,2.49"
298,"298,215646,4.79"
299,"299,215647,4.06"
300,"300,215648,4.28"
301,"301,215649,5.71"
302,"302,215650,2.54"
303,"303,215651,5.15"
304,"304,215652,4.4"
305,"305,215653,3.54"
306,"306,215654,2.75"
307,"307,215655,4.01"
308,"308,215656,3.25"
309,"309,215657,3.45"
310,"310,215658,5.4"
311,"311,215659,4.13"
312,"312,215660,4.42"
313,"313,215661,2.8"
314,"314,215662,3.98"
315,"315,215663,3.69"
316,"316,215664,3.99"
317,"317,215665,4.82"
318,"318,215666,4.02"
319,"319,215667,3.7"
320,"320,215668,4.49"
321,"321,215669,4.08"
322,"322,215670,4.27"
323,"323,215671,3.73"
324,"324,215672,1.48"
325,"325,215673,4.55"
326,"326,215674,2.72"
327,"327,215675,4.31"
328,"328,215676,5.1"
329,"329,215677,3.98"
330,"330,215678,4.67"
331,"331,215679,3.99"
332,"332,215680,3.69"
333,"333,215681,4.79"
334,"334,215682,4.13"
335,"335,215683,3.63"
336,"336,215684,5.7"
337,"337,215685,4.33"
338,"338,215686,3.07"
339,"339,215687,3.68"
340,"340,215688,2.88"
341,"341,215689,4.65"
342,"342,215690,5.66"
343,"343,215691,4.28"
344,"344,215692,2.09"
345,"345,215693,3.56"
346,"346,215694,2.41"
347,"347,215695,4.36"
348,"348,215696,2.88"
349,"349,215697,5.02"
350,"350,215698,5.1"
351,"351,215699,4.25"
352,"352,215700,4.59"
353,"353,215701,5.05"
354,"354,215702,1.82"
355,"355,215703,2.86"
356,"356,215704,4.55"
357,"357,215705,4.3"
358,"358,215706,3.22"
359,"359,215707,2.49"
360,"360,215708,3.04"
361,"361,215709,4.32"
362,"362,215710,3.59"
363,"363,215711,3.53"
364,"364,215712,3.66"
365,"365,215713,4.42"
366,"366,215714,4.85"
367,"367,215715,4.87"
368,"368,215716,4.07"
369,"369,215717,4.28"
370,"370,215718,4.84"
371,"371,215719,5.28"
372,"372,215720,2.94"
373,"373,215721,4.33"
374,"374,215722,3.75"
375,"375,215723,3.34"
376,"376,215724,2.9"
377,"377,215725,5.06"
378,"378,215726,2.5"
379,"379,215727,3.82"
380,"380,215728,4.18"
381,"381,215729,3.48"
382,"382,215730,4.12"
383,"383,215731,3.25"
384,"384,215732,3.51"
385,"385,215733,2.78"
386,"386,215734,4.87"
387,"387,215735,2.9"
388,"388,215736,3.43"
389,"389,215737,4.8"
390,"390,215738,5.25"
391,"391,215739,4.81"
392,"392,215740,4.66"
393,"393,215741,4.29"
394,"394,215742,3.64"
395,"395,215743,5.07"
396,"396,215744,3.26"
397,"397,215745,5.1"
398,"398,215746,3.26"
399,"399,215747,3.32"
400,"400,215748,4.11"
401,"401,215749,6.17"
402,"402,215750,2.39"
403,"403,215751,2.6"
404,"404,215752,4.06"
405,"405,215753,3.82"
406,"406,215754,2.69"
407,"407,215755,3.35"
408,"408,215756,5.23"
409,"409,215757,3.27"
410,"410,215758,2.95"
411,"411,215759,2.85"
412,"412,215760,5.49"
413,"413,215761,2.6"
414,"414,215762,2.33"
415,"415,215763,2.43"
416,"416,215764,3.58"
417,"417,215765,5.37"
418,"418,215766,3.74"
419,"419,215767,3.83"
420,"420,215768,5.61"
421,"421,215769,4.98"
422,"422,215770,4.09"
423,"423,215771,5.0"
424,"424,215772,4.51"
425,"425,215773,3.74"
426,"426,215774,3.35"
427,"427,215775,1.38"
428,"428,215776,4.06"
429,"429,215777,5.69"
430,"430,215778,3.74"
431,"431,215779,3.3"
432,"432,215780,4.22"
433,"433,215781,3.34"
434,"434,215782,4.48"
435,"435,215783,5.6"
436,"436,215784,3.84"
437,"437,215785,5.23"
438,"438,215786,1.55"
439,"439,215787,5.56"
440,"440,215788,4.26"
441,"441,215789,4.79"
442,"442,215790,4.19"
443,"443,215791,2.93"
444,"444,215792,3.24"
445,"445,215793,3.7"
446,"446,215794,1.37"
447,"447,215795,3.79"
448,"448,215796,2.61"
449,"449,215797,4.41"
450,"450,215798,5.06"
451,"451,215799,2.48"
452,"452,215800,4.88"
453,"453,215801,4.42"
454,"454,215802,4.5"
455,"455,215803,4.85"
456,"456,215804,4.08"
457,"457,215805,4.48"
458,"458,215806,2.93"
459,"459,215807,4.49"
460,"460,215808,4.61"
461,"461,215809,4.76"
462,"462,215810,2.13"
463,"463,215811,5.12"
464,"464,215812,4.37"
465,"465,215813,4.54"
466,"466,215814,2.63"
467,"467,215815,4.13"
468,"468,215816,5.62"
469,"469,215817,2.43"
470,"470,215818,3.4"
471,"471,215819,2.94"
472,"472,215820,6.09"
473,"473,215821,4.31"
474,"474,215822,3.45"
475,"475,215823,5.42"
476,"476,215824,3.66"
477,"477,215825,4.51"
478,"478,215826,3.22"
479,"479,215827,2.99"
480,"480,215828,3.3"
481,"481,215829,4.05"
482,"482,215830,5.29"
483,"483,215831,2.75"
484,"484,215832,5.3"
485,"485,215833,3.85"
486,"486,215834,2.6"
487,"487,215835,4.78"
488,"488,215836,3.05"
489,"489,215837,5.95"
490,"490,215838,4.76"
491,"491,215839,5.13"
492,"492,215840,3.2"
493,"493,215841,3.89"
494,"494,215842,1.33"
495,"495,215843,4.68"
496,"496,215844,2.79"
497,"497,215845,3.76"
498,"498,215846,3.51"
499,"499,215847,6.44"
500,"500,215848,2.23"
501,"501,215849,3.33"
502,"502,215850,3.12"
503,"503,215851,3.32"
504,"504,215852,2.98"
505,"505,215853,4.31"
506,"506,215854,5.2"
507,"507,215855,5.55"
508,"508,215856,3.14"
509,"509,215857,4.77"
510,"510,215858,4.37"
511,"511,215859,4.4"
512,"512,215860,5.34"
513,"513,215861,3.89"
514,"514,215862,5.41"
515,"515,215863,4.42"
516,"516,215864,2.97"
517,"517,215865,4.35"
518,"518,215866,4.18"
519,"519,215867,3.8"
520,"520,215868,5.58"
521,"521,215869,4.1"
522,"522,215870,4.2"
523,"523,215871,4.09"
524,"524,215872,3.34"
525,"525,215873,3.74"
526,"526,215874,3.62"
527,"527,215875,2.21"
528,"528,215876,4.82"
529,"529,215877,3.15"
530,"530,215878,2.53"
531,"531,215879,3.72"
532,"532,215880,4.23"
533,"533,215881,2.53"
534,"534,215882,3.15"
535,"535,215883,2.99"
536,"536,215884,4.37"
537,"537,215885,3.89"
538,"538,215886,4.26"
539,"539,215887,4.52"
540,"540,215888,3.85"
541,"541,215889,4.48"
542,"542,215890,3.74"
543,"543,215891,4.98"
544,"544,215892,4.23"
545,"545,215893,3.16"
546,"546,215894,5.64"
547,"547,215895,5.16"
548,"548,215896,3.73"
549,"549,215897,6.24"
550,"550,215898,3.1"
551,"551,215899,5.26"
552,"552,215900,4.19"
553,"553,215901,3.85"
554,"554,215902,4.32"
555,"555,215903,4.55"
556,"556,215904,2.35"
557,"557,215905,3.43"
558,"558,215906,3.36"
559,"559,215907,3.77"
560,"560,215908,5.26"
561,"561,215909,4.55"
562,"562,215910,4.61"
563,"563,215911,5.26"
564,"564,215912,3.73"
565,"565,215913,3.74"
566,"566,215914,5.3"
567,"567,215915,3.5"
568,"568,215916,3.72"
569,"569,215917,4.18"
570,"570,215918,3.62"
571,"571,215919,4.62"
572,"572,215920,4.66"
573,"573,215921,4.63"
574,"574,215922,4.64"
575,"575,215923,2.92"
576,"576,215924,3.16"
577,"577,215925,3.4"
578,"578,215926,4.47"
579,"579,215927,5.35"
580,"580,215928,3.66"
581,"581,215929,4.04"
582,"582,215930,2.77"
583,"583,215931,5.33"
584,"584,215932,3.17"
585,"585,215933,4.05"
586,"586,215934,4.4"
587,"587,215935,3.85"
588,"588,215936,4.49"
589,"589,215937,2.66"
590,"590,215938,2.59"
591,"591,215939,2.57"
592,"592,215940,2.09"
593,"593,215941,3.63"
594,"594,215942,3.5"
595,"595,215943,4.52"
596,"596,215944,2.93"
597,"597,215945,3.73"
598,"598,215946,2.51"
599,"599,215947,4.46"
600,"600,215948,4.6"
601,"601,215949,3.15"
602,"602,215950,4.51"
603,"603,215951,4.29"
604,"604,215952,4.4"
605,"605,215953,4.11"
606,"606,215954,2.71"
607,"607,215955,4.11"
608,"608,215956,2.35"
609,"609,215957,5.95"
610,"610,215958,3.91"
611,"611,215959,5.88"
612,"612,215960,4.61"
613,"613,215961,4.08"
614,"614,215962,4.47"
615,"615,215963,4.5"
616,"616,215964,3.67"
617,"617,215965,3.72"
618,"618,215966,2.35"
619,"619,215967,4.88"
620,"620,215968,3.04"
621,"621,215969,2.45"
622,"622,215970,3.51"
623,"623,215971,4.79"
624,"624,215972,3.2"
625,"625,215973,3.54"
626,"626,215974,3.96"
627,"627,215975,1.64"
628,"628,215976,3.85"
629,"629,215977,4.02"
630,"630,215978,4.27"
631,"631,215979,4.7"
632,"632,215980,3.75"
633,"633,215981,3.61"
634,"634,215982,5.01"
635,"635,215983,5.57"
636,"636,215984,4.31"
637,"637,215985,6.78"
638,"638,215986,2.39"
639,"639,215987,4.16"
640,"640,215988,5.1"
641,"641,215989,3.71"
642,"642,215990,3.49"
643,"643,215991,3.43"
644,"644,215992,2.07"
645,"645,215993,4.29"
646,"646,215994,3.72"
647,"647,215995,1.92"
648,"648,215996,2.13"
649,"649,215997,3.89"
650,"650,215998,5.07"
651,"651,215999,5.53"
652,"652,216000,3.75"
653,"653,216001,4.6"
654,"654,216002,4.28"
655,"655,216003,4.87"
656,"656,216004,5.15"
657,"657,216005,4.21"
658,"658,216006,4.24"
659,"659,216007,2.59"
660,"660,216008,4.82"
661,"661,216009,3.91"
662,"662,216010,4.23"
663,"663,216011,4.23"
664,"664,216012,4.17"
665,"665,216013,4.9"
666,"666,216014,4.45"
667,"667,216015,3.6"
668,"668,216016,1.68"
669,"669,216017,3.38"
670,"670,216018,3.59"
671,"671,216019,3.27"
672,"672,216020,4.74"
673,"673,216021,3.67"
674,"674,216022,5.13"
675,"675,216023,2.81"
676,"676,216024,4.6"
677,"677,216025,4.33"
678,"678,216026,5.25"
679,"679,216027,3.1"
680,"680,216028,4.09"
681,"681,216029,5.29"
682,"682,216030,4.77"
683,"683,216031,5.81"
684,"684,216032,3.15"
685,"685,216033,5.29"
686,"686,216034,4.83"
687,"687,216035,5.68"
688,"688,216036,5.03"
689,"689,216037,5.23"
690,"690,216038,4.33"
691,"691,216039,3.11"
692,"692,216040,4.3"
693,"693,216041,3.37"
694,"694,216042,3.33"
695,"695,216043,4.62"
696,"696,216044,4.8"
697,"697,216045,3.05"
698,"698,216046,4.56"
699,"699,216047,3.95"
700,"700,216048,2.6"
701,"701,216049,4.87"
702,"702,216050,5.06"
703,"703,216051,2.85"
704,"704,216052,3.5"
705,"705,216053,4.18"
706,"706,216054,3.93"
707,"707,216055,4.71"
708,"708,216056,3.13"
709,"709,216057,4.61"
710,"710,216058,6.58"
711,"711,216059,1.84"
712,"712,216060,4.38"
713,"713,216061,4.5"
714,"714,216062,3.06"
715,"715,216063,2.54"
716,"716,216064,3.4"
717,"717,216065,4.46"
718,"718,216066,4.99"
719,"719,216067,4.14"
720,"720,216068,3.67"
721,"721,216069,4.77"
722,"722,216070,3.27"
723,"723,216071,4.35"
724,"724,216072,3.27"
725,"725,216073,3.17"
726,"726,216074,5.9"
727,"727,216075,3.42"
728,"728,216076,2.0"
729,"729,216077,4.74"
730,"730,216078,2.97"
731,"731,216079,2.33"
732,"732,216080,1.64"
733,"733,216081,3.61"
734,"734,216082,4.37"
735,"735,216083,3.6"
736,"736,216084,3.78"
737,"737,216085,3.79"
738,"738,216086,2.66"
739,"739,216087,4.11"
740,"740,216088,4.52"
741,"741,216089,3.58"
742,"742,216090,4.41"
743,"743,216091,5.16"
744,"744,216092,4.09"
745,"745,216093,4.18"
746,"746,216094,2.39"
747,"747,216095,3.91"
748,"748,216096,3.36"
749,"749,216097,3.82"
750,"750,216098,5.1"
751,"751,216099,3.97"
752,"752,216100,2.64"
753,"753,216101,4.17"
754,"754,216102,4.55"
755,"755,216103,4.77"
756,"756,216104,5.1"
757,"757,216105,5.04"
758,"758,216106,3.46"
759,"759,216107,5.1"
760,"760,216108,4.37"
761,"761,216109,4.66"
762,"762,216110,4.95"
763,"763,216111,4.72"
764,"764,216112,5.14"
765,"765,216113,5.33"
766,"766,216114,5.36"
767,"767,216115,4.06"
768,"768,216116,3.85"
769,"769,216117,2.76"
770,"770,216118,3.63"
771,"771,216119,4.93"
772,"772,216120,3.82"
773,"773,216121,3.05"
774,"774,216122,0.86"
775,"775,216123,4.41"
776,"776,216124,4.75"
777,"777,216125,2.48"
778,"778,216126,2.66"
779,"779,216127,3.71"
780,"780,216128,4.48"
781,"781,216129,4.87"
782,"782,216130,2.98"
783,"783,216131,2.93"
784,"784,216132,2.34"
785,"785,216133,3.6"
786,"786,216134,1.92"
787,"787,216135,6.02"
788,"788,216136,4.38"
789,"789,216137,2.39"
790,"790,216138,5.37"
791,"791,216139,4.35"
792,"792,216140,3.83"
793,"793,216141,1.97"
794,"794,216142,3.3"
795,"795,216143,3.73"
796,"796,216144,4.4"
797,"797,216145,4.78"
798,"798,216146,2.0"
799,"799,216147,4.94"
800,"800,216148,2.91"
801,"801,216149,4.34"
802,"802,216150,4.13"
803,"803,216151,6.13"
804,"804,216152,3.91"
805,"805,216153,3.21"
806,"806,216154,3.48"
807,"807,216155,4.78"
808,"808,216156,3.59"
809,"809,216157,3.95"
810,"810,216158,4.27"
811,"811,216159,2.73"
812,"812,216160,6.16"
813,"813,216161,4.69"
814,"814,216162,2.97"
815,"815,216163,3.89"
816,"816,216164,4.56"
817,"817,216165,7.02"
818,"818,216166,4.76"
819,"819,216167,4.36"
820,"820,216168,4.31"
821,"821,216169,5.61"
822,"822,216170,4.49"
823,"823,216171,3.45"
824,"824,216172,4.17"
825,"825,216173,3.45"
826,"826,216174,4.12"
827,"827,216175,4.56"
828,"828,216176,3.31"
829,"829,216177,4.12"
830,"830,216178,3.98"
831,"831,216179,5.67"
832,"832,216180,4.44"
833,"833,216181,4.72"
834,"834,216182,4.31"
835,"835,216183,3.86"
836,"836,216184,4.84"
837,"837,216185,4.66"
838,"838,216186,6.29"
839,"839,216187,3.17"
840,"840,216188,4.33"
841,"841,216189,5.34"
842,"842,216190,4.23"
843,"843,216191,5.39"
844,"844,216192,4.01"
845,"845,216193,3.97"
846,"846,216194,3.87"
847,"847,216195,5.22"
848,"848,216196,5.56"
849,"849,216197,3.1"
850,"850,216198,3.33"
851,"851,216199,3.17"
852,"852,216200,4.61"
853,"853,216201,5.56"
854,"854,216202,4.32"
855,"855,216203,2.26"
856,"856,216204,4.36"
857,"857,216205,2.18"
858,"858,216206,4.14"
859,"859,216207,4.11"
860,"860,216208,3.87"
861,"861,216209,2.46"
862,"862,216210,6.65"
863,"863,216211,2.86"
864,"864,216212,4.26"
865,"865,216213,2.36"
866,"866,216214,3.06"
867,"867,216215,4.41"
868,"868,216216,3.57"
869,"869,216217,3.52"
870,"870,216218,4.4"
871,"871,216219,3.77"
872,"872,216220,3.82"
873,"873,216221,3.23"
874,"874,216222,4.46"
875,"875,216223,3.03"
876,"876,216224,3.99"
877,"877,216225,4.02"
878,"878,216226,4.85"
879,"879,216227,3.84"
880,"880,216228,1.39"
881,"881,216229,3.59"
882,"882,216230,3.68"
883,"883,216231,2.87"
884,"884,216232,4.94"
885,"885,216233,4.62"
886,"886,216234,5.23"
887,"887,216235,4.37"
888,"888,216236,4.39"
889,"889,216237,4.04"
890,"890,216238,4.62"
891,"891,216239,4.63"
892,"892,216240,5.72"
893,"893,216241,3.91"
894,"894,216242,3.65"
895,"895,216243,2.79"
896,"896,216244,5.31"
897,"897,216245,4.92"
898,"898,216246,3.89"
899,"899,216247,2.77"
900,"900,216248,5.12"
901,"901,216249,4.71"
902,"902,216250,2.24"
903,"903,216251,3.79"
904,"904,216252,5.52"
905,"905,216253,2.51"
906,"906,216254,3.03"
907,"907,216255,3.2"
908,"908,216256,2.81"
909,"909,216257,4.23"
910,"910,216258,2.82"
911,"911,216259,4.3"
912,"912,216260,4.2"
913,"913,216261,4.5"
914,"914,216262,4.62"
915,"915,216263,5.38"
916,"916,216264,4.44"
917,"917,216265,3.47"
918,"918,216266,4.87"
919,"919,216267,3.69"
920,"920,216268,6.81"
921,"921,216269,4.75"
922,"922,216270,3.17"
923,"923,216271,3.05"
924,"924,216272,3.72"
925,"925,216273,3.09"
926,"926,216274,4.2"
927,"927,216275,3.14"
928,"928,216276,5.75"
929,"929,216277,3.12"
930,"930,216278,3.7"
931,"931,216279,3.49"
932,"932,216280,2.83"
933,"933,216281,3.15"
934,"934,216282,2.32"
935,"935,216283,4.74"
936,"936,216284,4.71"
937,"937,216285,5.18"
938,"938,216286,1.08"
939,"939,216287,3.87"
940,"940,216288,3.81"
941,"941,216289,4.85"
942,"942,216290,3.9"
943,"943,216291,3.99"
944,"944,216292,4.67"
945,"945,216293,3.29"
946,"946,216294,4.15"
947,"947,216295,2.68"
948,"948,216296,5.42"
949,"949,216297,5.25"
950,"950,216298,5.07"
951,"951,216299,2.44"
952,"952,216300,3.98"
953,"953,216301,4.34"
954,"954,216302,4.67"
955,"955,216303,4.69"
956,"956,216304,3.34"
957,"957,216305,5.34"
958,"958,216306,4.81"
959,"959,216307,3.16"
960,"960,216308,4.13"
961,"961,216309,2.37"
962,"962,216310,4.06"
963,"963,216311,4.81"
964,"964,216312,4.54"
965,"965,216313,2.02"
966,"966,216314,4.62"
967,"967,216315,4.13"
968,"968,216316,5.37"
969,"969,216317,5.15"
970,"970,216318,4.83"
971,"971,216319,3.49"
972,"972,216320,3.73"
973,"973,216321,3.95"
974,"974,216322,2.38"
975,"975,216323,4.39"
976,"976,216324,0.86"
977,"977,216325,4.73"
978,"978,216326,4.69"
979,"979,216327,3.23"
980,"980,216328,2.98"
981,"981,216329,2.42"
982,"982,216330,4.44"
983,"983,216331,2.16"
984,"984,216332,3.6"
985,"985,216333,4.52"
986,"986,216334,4.84"
987,"987,216335,3.84"
988,"988,216336,6.09"
989,"989,216337,4.35"
990,"990,216338,3.46"
991,"991,216339,3.94"
992,"992,216340,5.15"
993,"993,216341,2.59"
994,"994,216342,2.72"
995,"995,216343,2.93"
996,"996,216344,2.93"
997,"997,216345,5.39"
998,"998,216346,3.5"
999,"999,216347,3.68"
1000,"1000,216348,4.89"
1001,"1001,216349,2.32"
1002,"1002,216350,4.89"
1003,"1003,216351,3.29"
1004,"1004,216352,5.27"
1005,"1005,216353,3.35"
1006,"1006,216354,3.39"
1007,"1007,216355,3.19"
1008,"1008,216356,3.26"
1009,"1009,216357,5.02"
1010,"1010,216358,5.15"
1011,"1011,216359,5.21"
1012,"1012,216360,5.01"
1013,"1013,216361,4.28"
1014,"1014,216362,2.26"
1015,"1015,216363,3.06"
1016,"1016,216364,3.1"
1017,"1017,216365,3.63"
1018,"1018,216366,3.87"
1019,"1019,216367,3.1"
1020,"1020,216368,5.25"
1021,"1021,216369,4.31"
1022,"1022,216370,4.12"
1023,"1023,216371,5.35"
1024,"1024,216372,4.06"
1025,"1025,216373,4.61"
1026,"1026,216374,7.21"
1027,"1027,216375,5.87"
1028,"1028,216376,5.11"
1029,"1029,216377,5.0"
1030,"1030,216378,2.95"
1031,"1031,216379,3.68"
1032,"1032,216380,3.43"
1033,"1033,216381,3.05"
1034,"1034,216382,5.94"
1035,"1035,216383,4.65"
1036,"1036,216384,4.57"
1037,"1037,216385,2.13"
1038,"1038,216386,4.37"
1039,"1039,216387,4.89"
1040,"1040,216388,4.63"
1041,"1041,216389,4.91"
1042,"1042,216390,2.85"
1043,"1043,216391,4.58"
1044,"1044,216392,3.68"
1045,"1045,216393,4.38"
1046,"1046,216394,5.37"
1047,"1047,216395,5.22"
1048,"1048,216396,2.15"
1049,"1049,216397,4.75"
1050,"1050,216398,3.87"
1051,"1051,216399,1.57"
1052,"1052,216400,3.26"
1053,"1053,216401,3.79"
1054,"1054,216402,2.99"
1055,"1055,216403,5.4"
1056,"1056,216404,4.0"
1057,"1057,216405,3.3"
1058,"1058,216406,4.69"
1059,"1059,216407,5.32"
1060,"1060,216408,3.21"
1061,"1061,216409,2.15"
1062,"1062,216410,4.74"
1063,"1063,216411,3.26"
1064,"1064,216412,4.14"
1065,"1065,216413,4.86"
1066,"1066,216414,5.05"
1067,"1067,216415,3.56"
1068,"1068,216416,4.1"
1069,"1069,216417,6.4"
1070,"1070,216418,5.12"
1071,"1071,216419,4.38"
1072,"1072,216420,3.25"
1073,"1073,216421,4.89"
1074,"1074,216422,3.67"
1075,"1075,216423,3.66"
1076,"1076,216424,2.19"
1077,"1077,216425,4.15"
1078,"1078,216426,3.74"
1079,"1079,216427,2.82"
1080,"1080,216428,3.55"
1081,"1081,216429,5.28"
1082,"1082,216430,3.16"
1083,"1083,216431,5.56"
1084,"1084,216432,2.85"
1085,"1085,216433,5.03"
1086,"1086,216434,5.25"
1087,"1087,216435,3.86"
1088,"1088,216436,3.23"
1089,"1089,216437,4.34"
1090,"1090,216438,4.15"
1091,"1091,216439,4.32"
1092,"1092,216440,3.81"
1093,"1093,216441,1.87"
1094,"1094,216442,5.1"
1095,"1095,216443,2.92"
1096,"1096,216444,3.38"
1097,"1097,216445,3.45"
1098,"1098,216446,4.47"
1099,"1099,216447,4.15"
1100,"1100,216448,5.74"
1101,"1101,216449,4.27"
1102,"1102,216450,4.8"
1103,"1103,216451,3.81"
1104,"1104,216452,4.91"
1105,"1105,216453,4.64"
1106,"1106,216454,2.9"
1107,"1107,216455,4.04"
1108,"1108,216456,1.95"
1109,"1109,216457,1.54"
1110,"1110,216458,4.67"
1111,"1111,216459,3.57"
1112,"1112,216460,5.29"
1113,"1113,216461,3.91"
1114,"1114,216462,4.73"
1115,"1115,216463,2.36"
1116,"1116,216464,4.33"
1117,"1117,216465,2.03"
1118,"1118,216466,4.47"
1119,"1119,216467,5.87"
1120,"1120,216468,4.0"
1121,"1121,216469,4.54"
1122,"1122,216470,3.37"
1123,"1123,216471,4.92"
1124,"1124,216472,4.38"
1125,"1125,216473,4.25"
1126,"1126,216474,3.37"
1127,"1127,216475,5.01"
1128,"1128,216476,3.9"
1129,"1129,216477,4.67"
1130,"1130,216478,3.62"
1131,"1131,216479,1.82"
1132,"1132,216480,3.94"
1133,"1133,216481,4.32"
1134,"1134,216482,3.76"
1135,"1135,216483,3.7"
1136,"1136,216484,2.08"
1137,"1137,216485,3.44"
1138,"1138,216486,4.25"
1139,"1139,216487,5.19"
1140,"1140,216488,3.83"
1141,"1141,216489,5.49"
1142,"1142,216490,3.7"
1143,"1143,216491,4.08"
1144,"1144,216492,1.68"
1145,"1145,216493,5.95"
1146,"1146,216494,5.1"
1147,"1147,216495,3.84"
1148,"1148,216496,4.52"
1149,"1149,216497,3.57"
1150,"1150,216498,4.26"
1151,"1151,216499,4.0"
1152,"1152,216500,4.15"
1153,"1153,216501,2.24"
1154,"1154,216502,3.69"
1155,"1155,216503,3.27"
1156,"1156,216504,5.53"
1157,"1157,216505,5.08"
1158,"1158,216506,5.8"
1159,"1159,216507,4.28"
1160,"1160,216508,4.21"
1161,"1161,216509,2.57"
1162,"1162,216510,3.76"
1163,"1163,216511,3.49"
1164,"1164,216512,4.0"
1165,"1165,216513,2.6"
1166,"1166,216514,5.15"
1167,"1167,216515,3.49"
1168,"1168,216516,4.78"
1169,"1169,216517,5.5"
1170,"1170,216518,4.22"
1171,"1171,216519,3.21"
1172,"1172,216520,3.42"
1173,"1173,216521,4.15"
1174,"1174,216522,5.15"
1175,"1175,216523,3.33"
1176,"1176,216524,3.48"
1177,"1177,216525,4.6"
1178,"1178,216526,5.11"
1179,"1179,216527,3.26"
1180,"1180,216528,3.12"
1181,"1181,216529,3.87"
1182,"1182,216530,5.23"
1183,"1183,216531,4.19"
1184,"1184,216532,2.1"
1185,"1185,216533,6.59"
1186,"1186,216534,2.44"
1187,"1187,216535,4.3"
1188,"1188,216536,3.35"
1189,"1189,216537,3.05"
1190,"1190,216538,2.81"
1191,"1191,216539,3.27"
1192,"1192,216540,3.99"
1193,"1193,216541,5.75"
1194,"1194,216542,2.35"
1195,"1195,216543,2.59"
1196,"1196,216544,3.58"
1197,"1197,216545,3.42"
1198,"1198,216546,4.04"
1199,"1199,216547,3.98"
1200,"1200,216548,3.78"
1201,"1201,216549,5.44"
1202,"1202,216550,4.26"
1203,"1203,216551,3.45"
1204,"1204,216552,3.94"
1205,"1205,216553,3.75"
1206,"1206,216554,5.66"
1207,"1207,216555,4.12"
1208,"1208,216556,4.97"
1209,"1209,216557,4.82"
1210,"1210,216558,4.85"
1211,"1211,216559,4.23"
1212,"1212,216560,5.13"
1213,"1213,216561,3.53"
1214,"1214,216562,5.55"
1215,"1215,216563,3.38"
1216,"1216,216564,5.58"
1217,"1217,216565,4.58"
1218,"1218,216566,2.86"
1219,"1219,216567,4.76"
1220,"1220,216568,3.93"
1221,"1221,216569,3.07"
1222,"1222,216570,2.07"
1223,"1223,216571,2.27"
1224,"1224,216572,3.89"
1225,"1225,216573,5.09"
1226,"1226,216574,2.9"
1227,"1227,216575,1.82"
1228,"1228,216576,3.2"
1229,"1229,216577,4.91"
1230,"1230,216578,4.83"
1231,"1231,216579,4.77"
1232,"1232,216580,4.41"
1233,"1233,216581,3.47"
1234,"1234,216582,4.78"
1235,"1235,216583,5.42"
1236,"1236,216584,5.0"
1237,"1237,216585,3.3"
1238,"1238,216586,4.0"
1239,"1239,216587,2.0"
1240,"1240,216588,2.57"
1241,"1241,216589,2.13"
1242,"1242,216590,3.63"
1243,"1243,216591,4.57"
1244,"1244,216592,3.77"
1245,"1245,216593,3.09"
1246,"1246,216594,3.47"
1247,"1247,216595,3.09"
1248,"1248,216596,4.66"
1249,"1249,216597,2.9"
1250,"1250,216598,2.43"
1251,"1251,216599,4.06"
1252,"1252,216600,3.64"
1253,"1253,216601,4.87"
1254,"1254,216602,3.0"
1255,"1255,216603,5.28"
1256,"1256,216604,2.88"
1257,"1257,216605,2.11"
1258,"1258,216606,3.09"
1259,"1259,216607,4.91"
1260,"1260,216608,3.32"
1261,"1261,216609,4.18"
1262,"1262,216610,3.61"
1263,"1263,216611,4.1"
1264,"1264,216612,4.43"
1265,"1265,216613,5.13"
1266,"1266,216614,5.49"
1267,"1267,216615,5.6"
1268,"1268,216616,2.75"
1269,"1269,216617,2.98"
1270,"1270,216618,4.15"
1271,"1271,216619,4.84"
1272,"1272,216620,5.25"
1273,"1273,216621,2.54"
1274,"1274,216622,5.14"
1275,"1275,216623,4.92"
1276,"1276,216624,3.72"
1277,"1277,216625,4.12"
1278,"1278,216626,4.45"
1279,"1279,216627,3.88"
1280,"1280,216628,3.42"
1281,"1281,216629,5.64"
1282,"1282,216630,6.1"
1283,"1283,216631,4.61"
1284,"1284,216632,4.24"
1285,"1285,216633,3.39"
1286,"1286,216634,2.88"
1287,"1287,216635,3.15"
1288,"1288,216636,4.25"
1289,"1289,216637,3.97"
1290,"1290,216638,3.63"
1291,"1291,216639,3.26"
1292,"1292,216640,3.95"
1293,"1293,216641,4.5"
1294,"1294,216642,5.63"
1295,"1295,216643,4.44"
1296,"1296,216644,6.11"
1297,"1297,216645,3.29"
1298,"1298,216646,4.03"
1299,"1299,216647,3.28"
